{
  "recipes": [
    {
      "name": "Grandma Rosa\u2019s Focaccia",
      "branch": "Maternal",
      "description": "Olive oil\u2013rich bread with rosemary and flaky salt.",
      "ingredients": "flour, yeast, water, olive oil, rosemary, salt",
      "image": "assets/images/placeholder-card.png"
    },
    {
      "name": "Uncle Sam\u2019s Chili",
      "branch": "Paternal",
      "description": "Hearty and smoky with a hint of cocoa.",
      "ingredients": "beef, beans, tomatoes, chili powder, cocoa",
      "image": "assets/images/placeholder-card.png"
    },
    {
      "name": "Aunt Mei\u2019s Mooncakes",
      "branch": "Maternal",
      "description": "Lotus paste filling with salted egg yolk.",
      "ingredients": "lotus paste, flour, sugar, egg yolk",
      "image": "assets/images/placeholder-card.png"
    },
    {
      "name": "Tita Lani\u2019s Adobo",
      "branch": "Paternal",
      "description": "Vinegar-soy braise, peppercorns, bay leaves.",
      "ingredients": "chicken, vinegar, soy sauce, garlic, peppercorns",
      "image": "assets/images/placeholder-card.png"
    },
    {
      "name": "Nana\u2019s Apple Pie",
      "branch": "Maternal",
      "description": "Buttery lattice crust with cinnamon-spiced apples.",
      "ingredients": "apples, flour, butter, sugar, cinnamon",
      "image": "assets/images/placeholder-card.png"
    },
    {
      "name": "Granddad\u2019s Pancakes",
      "branch": "Paternal",
      "description": "Sunday-morning classic \u2014 crisp edges, fluffy middle.",
      "ingredients": "flour, milk, eggs, baking powder, sugar",
      "image": "assets/images/placeholder-card.png"
    }
  ]
}